﻿<?xml version="1.0" encoding="utf-8"?>
<menuCollection>
  <!--<menu id="1" titulo="Pedidos" enderecoBanner="Banner28022011045052.gif" somenteAdmin="false" tipoSegmento="Livre" ordem="1">
    <segmentos />
    <submenus>
      <submenu id="1" titulo="Novo Pedido" endereco="/Pages/NovoPedido.aspx" novaJanela="false" importacao="false" oculto="false" ordem="1" somenteAdministrador="false" tipoSegmento="Livre">
        <segmentos />
      </submenu>
      <submenu id="2" titulo="Meus Pedidos" endereco="/Pages/ConsultaPedido.aspx" novaJanela="false" importacao="false" oculto="false" ordem="2" somenteAdministrador="false" tipoSegmento="Livre">
        <segmentos />
      </submenu>
    </submenus>
  </menu>
  <menu id="2" titulo="Consultas" enderecoBanner="Banner28022011045116.gif" somenteAdmin="false" tipoSegmento="Livre" ordem="2">
    <segmentos />
    <submenus>
      <submenu id="1" titulo="Títulos" endereco="/Pages/ConsultaRecebiveis.aspx" novaJanela="false" importacao="false" oculto="false" ordem="1" somenteAdministrador="false" tipoSegmento="Livre">
        <segmentos />
      </submenu>
      <submenu id="6" titulo="Notas Fiscais Emitidas" endereco="/Pages/ConsultaNotasFiscaisWEB.aspx" novaJanela="false" importacao="false" oculto="false" ordem="2" somenteAdministrador="false" tipoSegmento="Livre">
        <segmentos />
      </submenu>
    </submenus>
  </menu>-->
  <menu id="1" titulo="Home" enderecoBanner="Banner28022011045116.gif" somenteAdmin="false" tipoSegmento="Livre" ordem="1">
    <segmentos />
    <submenus>
      <submenu id="1" endereco="/CommonPages/Default.aspx" novaJanela="false" importacao="false" oculto="false" ordem="1" somenteAdministrador="false" tipoSegmento="Livre">
        <segmentos />
      </submenu>
    </submenus>
  </menu>
  <menu id="2" titulo="Cessionario" enderecoBanner="Banner28022011045156.gif" somenteAdmin="false" tipoSegmento="Livre" ordem="1">
    <segmentos />
    <submenus>
      <submenu id="1" titulo="Movimentação Cessionarios" endereco="/Pages/MovimentacaoCessionario.aspx" novajanela="false" importacao="false" oculto="false" ordem="1" somenteAdministrador="false" tipoSegmento="Livre">
        <segmentos />
      </submenu>
      <submenu id="2" titulo="Armazenagem Conjunta" endereco="/Pages/ArmazenagemConjunta.aspx" novajanela="false" importacao="false" oculto="false" ordem="2" somenteAdministrador="false" tipoSegmento="Livre">
        <segmentos />
      </submenu>
      <submenu id="3" titulo="Controle de Car. e Desc." endereco="/Pages/ControleCargaDescarga.aspx" novajanela="false" importacao="false" oculto="false" ordem="3" somenteAdministrador="false" tipoSegmento="Livre">
        <segmentos />
      </submenu>
      <submenu id="4" titulo="Saidas por Veiculo" endereco="/Pages/SaidaPorVeiculo.aspx" novajanela="false" importacao="false" oculto="false" ordem="4" somenteAdministrador="false" tipoSegmento="Livre">
        <segmentos />
      </submenu>
      <submenu id="5" titulo="Descarga" endereco="/Pages/DescargaPorDevolucao.aspx" novajanela="false" importacao="false" oculto="false" ordem="5" somenteAdministrador="false" tipoSegmento="Livre">
        <segmentos />
      </submenu>
      <submenu id="6" titulo="Agendamento de Carga" endereco="/Pages/Carga.aspx" novajanela="false" importacao="false" oculto="false" ordem="6" somenteAdministrador="false" tipoSegmento="Livre">
        <segmentos />
      </submenu>
      <submenu id="7" titulo="Agendamento de Descarga" endereco="/Pages/Descarga.aspx" novajanela="false" importacao="false" oculto="false" ordem="7" somenteAdministrador="false" tipoSegmento="Livre">
        <segmentos />
      </submenu>
      <submenu id="8" titulo="Consulta de Agendamento" endereco="/Pages/Consulta.aspx" novajanela="false" importacao="false" oculto="false" ordem="8" somenteAdministrador="false" tipoSegmento="Livre">
        <segmentos />
      </submenu>
    </submenus>
  </menu>
  <menu id="7" titulo="Admin" enderecoBanner="Banner29032011013019.gif" somenteAdmin="true" tipoSegmento="Livre" ordem="4">
    <segmentos />
    <submenus>
      <submenu id="1" titulo="Gerenciador" endereco="/Admin/ContentManager.aspx" novaJanela="false" importacao="false" oculto="false" ordem="1" somenteAdministrador="true" tipoSegmento="Livre">
        <segmentos />
      </submenu>
    </submenus>
  </menu>
</menuCollection>